{
  "version": "1764298715548",
  "data": {
    "máy tính là gì?": {
      "content": [
        "Máy tính là “cái não điện tử” giúp mày xử lý thông tin siêu nhanh, làm đủ thứ từ gõ văn bản, lướt web, chơi game, code app cho tới chỉnh ảnh deepfake bạn bè."
      ],
      "img": "",
      "video": "",
      "type": "normal"
    },
    "Mainboar là gì?": {
      "content": [
        "Bo mạch chính"
      ],
      "img": "",
      "video": "",
      "type": "normal"
    },
    "ram là gì?": {
      "content": [
        "Ram là bộ nhớ truy cập ngẫu nhiên"
      ],
      "img": "",
      "video": "",
      "type": "normal"
    },
    "CPU là gì?": {
      "content": [
        "CPU là bộ xử lý trung tâm của máy tính xử lý tính toán và điều khiển hoạt động hệ thống."
      ],
      "img": "",
      "video": "",
      "type": "normal"
    },
    "Nên ưu tiên nhiều nhân hay xung nhịp cao?": {
      "content": [
        "Nhiều nhân tốt cho tác vụ nặng, xung nhịp cao tốt cho game và đơn nhiệm."
      ],
      "img": "",
      "video": "",
      "type": "normal"
    },
    "Bao nhiêu nhân CPU là đủ?": {
      "content": [
        "Văn phòng: 4–6 nhân, Gaming: 6–8 nhân, Đồ họa: 12+ nhân."
      ],
      "img": "",
      "video": "",
      "type": "normal"
    },
    "CPU khác GPU như thế nào?": {
      "content": [
        "CPU xử lý logic đa nhiệm, GPU xử lý song song cho đồ họa và AI."
      ],
      "img": "",
      "video": "",
      "type": "normal"
    },
    "CPU nóng bất thường là do đâu?": {
      "content": [
        "Keo tản nhiệt khô, tản yếu, bụi bẩn, tải cao."
      ],
      "img": "",
      "video": "",
      "type": "normal"
    },
    "Khi nào thay keo tản nhiệt?": {
      "content": [
        "Mỗi 2–3 năm hoặc khi nhiệt bất thường."
      ],
      "img": "",
      "video": "",
      "type": "normal"
    },
    "CPU có giảm hiệu năng theo thời gian không?": {
      "content": [
        "Không, trừ khi quá nóng gây throttle."
      ],
      "img": "",
      "video": "",
      "type": "normal"
    },
    "CPU bottleneck là gì?": {
      "content": [
        "Là khi CPU quá yếu khiến GPU không phát huy hết hiệu năng."
      ],
      "img": "",
      "video": "",
      "type": "normal"
    },
    "Ép xung CPU có rủi ro?": {
      "content": [
        "Tăng nhiệt, giảm ổn định và giảm tuổi thọ."
      ],
      "img": "",
      "video": "",
      "type": "normal"
    },
    "Khác nhau giữa Intel và AMD?": {
      "content": [
        "Intel mạnh đơn nhân; AMD nhiều nhân giá tốt."
      ],
      "img": "",
      "video": "",
      "type": "normal"
    },
    "RAM dùng để làm gì?": {
      "content": [
        "Lưu dữ liệu tạm cho ứng dụng đang chạy."
      ],
      "img": "",
      "video": "",
      "type": "normal"
    },
    "Nhiều RAM có làm máy nhanh hơn?": {
      "content": [
        "Chỉ nhanh hơn nếu trước đó bị thiếu RAM."
      ],
      "img": "",
      "video": "",
      "type": "normal"
    },
    "DDR4 khác DDR5 thế nào?": {
      "content": [
        "DDR5 nhanh hơn, băng thông lớn hơn."
      ],
      "img": "",
      "video": "",
      "type": "normal"
    },
    "RAM xung cao có quan trọng?": {
      "content": [
        "Có, đặc biệt với CPU Ryzen."
      ],
      "img": "",
      "video": "",
      "type": "normal"
    },
    "Dual-channel là gì?": {
      "content": [
        "Hai RAM chạy song song, tăng băng thông."
      ],
      "img": "",
      "video": "",
      "type": "normal"
    },
    "Khi nào nên nâng cấp RAM?": {
      "content": [
        "Khi mở ứng dụng bị đầy RAM, máy lag."
      ],
      "img": "",
      "video": "",
      "type": "normal"
    },
    "Dấu hiệu RAM lỗi?": {
      "content": [
        "Máy xanh màn, restart ngẫu nhiên."
      ],
      "img": "",
      "video": "",
      "type": "normal"
    },
    "Laptop nâng cấp RAM được không?": {
      "content": [
        "Được, trừ laptop có RAM hàn."
      ],
      "img": "",
      "video": "",
      "type": "normal"
    },
    "Tại sao RAM hiển thị ít hơn?": {
      "content": [
        "Vì hệ thống hoặc GPU tích hợp dùng bớt."
      ],
      "img": "",
      "video": "",
      "type": "normal"
    },
    "ECC RAM là gì?": {
      "content": [
        "RAM sửa lỗi, dùng cho server."
      ],
      "img": "",
      "video": "",
      "type": "normal"
    },
    "SSD nhanh hơn HDD bao nhiêu?": {
      "content": [
        "Nhanh gấp 5–20 lần tùy loại."
      ],
      "img": "",
      "video": "",
      "type": "normal"
    },
    "SSD NVMe khác SSD SATA?": {
      "content": [
        "NVMe nhanh hơn nhiều."
      ],
      "img": "",
      "video": "",
      "type": "normal"
    },
    "Dung lượng SSD bao nhiêu là đủ?": {
      "content": [
        "Văn phòng: 240–500GB; Gaming: 1TB+."
      ],
      "img": "",
      "video": "",
      "type": "normal"
    },
    "SSD bền không?": {
      "content": [
        "Rất bền, 3–7 năm trở lên."
      ],
      "img": "",
      "video": "",
      "type": "normal"
    },
    "HDD kêu lạch cạch có nguy hiểm?": {
      "content": [
        "Có, dấu hiệu đầu đọc lỗi."
      ],
      "img": "",
      "video": "",
      "type": "normal"
    },
    "Dùng 2 ổ SSD/HDD được không?": {
      "content": [
        "Được nếu đủ cổng."
      ],
      "img": "",
      "video": "",
      "type": "normal"
    },
    "Máy chậm dù còn dung lượng?": {
      "content": [
        "Ổ đầy 80–90% hoặc HDD chậm."
      ],
      "img": "",
      "video": "",
      "type": "normal"
    },
    "M.2 và NVMe có phải là một?": {
      "content": [
        "Không. M.2 là dạng; NVMe là giao thức."
      ],
      "img": "",
      "video": "",
      "type": "normal"
    },
    "Bad sector là gì?": {
      "content": [
        "Vùng ổ cứng bị hỏng."
      ],
      "img": "",
      "video": "",
      "type": "normal"
    },
    "Khi nào nên đổi HDD sang SSD?": {
      "content": [
        "Khi máy chậm hoặc HDD lỗi."
      ],
      "img": "",
      "video": "",
      "type": "normal"
    },
    "GPU rời khác GPU tích hợp?": {
      "content": [
        "GPU rời mạnh, có VRAM riêng; tích hợp yếu."
      ],
      "img": "",
      "video": "",
      "type": "normal"
    },
    "GPU quan trọng cho tác vụ nào?": {
      "content": [
        "Game, đồ họa, 3D, AI."
      ],
      "img": "",
      "video": "",
      "type": "normal"
    },
    "VRAM là gì?": {
      "content": [
        "Bộ nhớ GPU, 6–8GB đủ cho game."
      ],
      "img": "",
      "video": "",
      "type": "normal"
    },
    "GPU bao nhiêu độ là nguy hiểm?": {
      "content": [
        "Trên 90°C."
      ],
      "img": "",
      "video": "",
      "type": "normal"
    },
    "Dấu hiệu GPU lỗi?": {
      "content": [
        "Sọc hình, crash, tắt khi tải nặng."
      ],
      "img": "",
      "video": "",
      "type": "normal"
    },
    "Có nên cập nhật driver GPU?": {
      "content": [
        "Nên, nhất là khi chơi game mới."
      ],
      "img": "",
      "video": "",
      "type": "normal"
    },
    "GPU đắt vì sao?": {
      "content": [
        "VRAM, công nghệ, thị trường."
      ],
      "img": "",
      "video": "",
      "type": "normal"
    },
    "Laptop nâng cấp GPU được không?": {
      "content": [
        "Hầu như không."
      ],
      "img": "",
      "video": "",
      "type": "normal"
    },
    "GPU bottleneck là gì?": {
      "content": [
        "GPU quá yếu khiến CPU chờ, giảm FPS."
      ],
      "img": "",
      "video": "",
      "type": "normal"
    },
    "SLI/CrossFire là gì?": {
      "content": [
        "Kết hợp 2 GPU, nay ít dùng."
      ],
      "img": "",
      "video": "",
      "type": "normal"
    },
    "Mainboard có ảnh hưởng hiệu năng?": {
      "content": [
        "Ảnh hưởng gián tiếp qua ổn định và hỗ trợ."
      ],
      "img": "",
      "video": "",
      "type": "normal"
    },
    "Chọn mainboard theo gì?": {
      "content": [
        "Socket và chipset."
      ],
      "img": "",
      "video": "",
      "type": "normal"
    },
    "Main hỗ trợ DDR4 và DDR5 cùng lúc?": {
      "content": [
        "Không."
      ],
      "img": "",
      "video": "",
      "type": "normal"
    },
    "Dấu hiệu main lỗi?": {
      "content": [
        "Không lên nguồn, không nhận RAM."
      ],
      "img": "",
      "video": "",
      "type": "normal"
    },
    "Khi nào cần update BIOS?": {
      "content": [
        "Khi lắp CPU mới hoặc sửa lỗi."
      ],
      "img": "",
      "video": "",
      "type": "normal"
    },
    "BIOS vs UEFI?": {
      "content": [
        "UEFI hiện đại hơn."
      ],
      "img": "",
      "video": "",
      "type": "normal"
    },
    "VRM là gì?": {
      "content": [
        "Mạch cấp điện cho CPU."
      ],
      "img": "",
      "video": "",
      "type": "normal"
    },
    "ATX, mATX, ITX khác nhau?": {
      "content": [
        "ATX lớn, mATX vừa, ITX nhỏ."
      ],
      "img": "",
      "video": "",
      "type": "normal"
    },
    "CPU mới có gắn vào main cũ được không?": {
      "content": [
        "Thường không."
      ],
      "img": "",
      "video": "",
      "type": "normal"
    },
    "Main giới hạn độ phân giải không?": {
      "content": [
        "Không, GPU quyết định."
      ],
      "img": "",
      "video": "",
      "type": "normal"
    },
    "PSU bao nhiêu watt đủ?": {
      "content": [
        "Văn phòng: 350–450W; Gaming: 550–750W."
      ],
      "img": "",
      "video": "",
      "type": "normal"
    },
    "Nguồn công suất thực là gì?": {
      "content": [
        "Nguồn cấp đủ watt như công bố."
      ],
      "img": "",
      "video": "",
      "type": "normal"
    },
    "PSU kêu do đâu?": {
      "content": [
        "Quạt bẩn, hỏng hoặc coil whine."
      ],
      "img": "",
      "video": "",
      "type": "normal"
    },
    "PSU hỏng có làm hỏng linh kiện khác?": {
      "content": [
        "Có thể."
      ],
      "img": "",
      "video": "",
      "type": "normal"
    },
    "Dây nguồn modular là gì?": {
      "content": [
        "Dây tháo rời."
      ],
      "img": "",
      "video": "",
      "type": "normal"
    },
    "80 Plus Gold khác Bronze?": {
      "content": [
        "Gold tiết kiệm điện hơn."
      ],
      "img": "",
      "video": "",
      "type": "normal"
    },
    "Có cần vệ sinh PSU?": {
      "content": [
        "Có, 1–2 lần/năm."
      ],
      "img": "",
      "video": "",
      "type": "normal"
    },
    "Tản nước và tản khí khác gì?": {
      "content": [
        "Tản nước mát hơn nhưng đắt."
      ],
      "img": "",
      "video": "",
      "type": "normal"
    },
    "Nhiều quạt case có tốt không?": {
      "content": [
        "Có nếu bố trí đúng hướng."
      ],
      "img": "",
      "video": "",
      "type": "normal"
    },
    "CPU 90°C có nguy hiểm không?": {
      "content": [
        "Có nếu kéo dài."
      ],
      "img": "",
      "video": "",
      "type": "normal"
    },
    "GPU 85°C có bình thường không?": {
      "content": [
        "Bình thường với laptop."
      ],
      "img": "",
      "video": "",
      "type": "normal"
    },
    "Thermal throttling là gì?": {
      "content": [
        "Giảm tốc do quá nhiệt."
      ],
      "img": "",
      "video": "",
      "type": "normal"
    },
    "Có cần thay keo tản nhiệt định kỳ?": {
      "content": [
        "2–3 năm/lần."
      ],
      "img": "",
      "video": "",
      "type": "normal"
    },
    "Fan case hướng thế nào?": {
      "content": [
        "Trước hút — sau thổi."
      ],
      "img": "",
      "video": "",
      "type": "normal"
    },
    "Dây SATA khác dây nguồn?": {
      "content": [
        "SATA truyền dữ liệu; dây nguồn cấp điện."
      ],
      "img": "",
      "video": "",
      "type": "normal"
    },
    "Case nhỏ có ảnh hưởng hiệu năng?": {
      "content": [
        "Không nhiều, nhưng giảm airflow."
      ],
      "img": "",
      "video": "",
      "type": "normal"
    },
    "Máy không nhận USB là do đâu?": {
      "content": [
        "Driver lỗi hoặc cổng hỏng."
      ],
      "img": "",
      "video": "",
      "type": "normal"
    },
    "Máy bật không lên là do gì?": {
      "content": [
        "PSU, main, RAM hoặc nút nguồn."
      ],
      "img": "",
      "video": "",
      "type": "normal"
    },
    "Máy tự tắt khi chơi game?": {
      "content": [
        "Nhiệt cao, PSU yếu hoặc GPU lỗi."
      ],
      "img": "",
      "video": "",
      "type": "normal"
    },
    "Lắp linh kiện sai có cháy không?": {
      "content": [
        "Có thể."
      ],
      "img": "",
      "video": "",
      "type": "normal"
    },
    "PC chạy 24/7 có hại không?": {
      "content": [
        "Không nếu tản tốt."
      ],
      "img": "",
      "video": "",
      "type": "normal"
    },
    "UPS có cần thiết không?": {
      "content": [
        "Cần nếu sợ mất điện."
      ],
      "img": "",
      "video": "",
      "type": "normal"
    },
    "Kiểm tra tương thích linh kiện thế nào?": {
      "content": [
        "Dùng PCPartPicker."
      ],
      "img": "",
      "video": "",
      "type": "normal"
    },
    "Máy kêu beep khi bật là gì?": {
      "content": [
        "Mã lỗi phần cứng."
      ],
      "img": "",
      "video": "",
      "type": "normal"
    },
    "Ổ cắm không chống sét nguy hiểm?": {
      "content": [
        "Có thể gây hỏng thiết bị."
      ],
      "img": "",
      "video": "",
      "type": "normal"
    },
    "Máy tính khởi động lâu là do phần cứng nào?": {
      "content": [
        "Thường do HDD chậm hoặc thiếu RAM khiến Windows tải nhiều dữ liệu khi khởi động."
      ],
      "img": "",
      "video": "",
      "type": "normal"
    },
    "Card đồ họa có giúp chạy Photoshop nhanh hơn không?": {
      "content": [
        "Có, GPU hỗ trợ xử lý hiệu ứng và các tác vụ 3D trong Photoshop."
      ],
      "img": "",
      "video": "",
      "type": "normal"
    },
    "Máy bị đơ khi mở nhiều tab Chrome là do đâu?": {
      "content": [
        "Thiếu RAM, Chrome sử dụng nhiều bộ nhớ khiến máy bị đơ."
      ],
      "img": "",
      "video": "",
      "type": "normal"
    },
    "Laptop chơi game nóng quá có sao không?": {
      "content": [
        "Làm giảm hiệu năng và giảm tuổi thọ linh kiện, cần cải thiện tản nhiệt."
      ],
      "img": "",
      "video": "",
      "type": "normal"
    },
    "Mua nguồn công suất cao hơn có tốn điện hơn không?": {
      "content": [
        "Không, máy chỉ dùng lượng điện cần, PSU lớn chỉ giúp ổn định hơn."
      ],
      "img": "",
      "video": "",
      "type": "normal"
    },
    "Thay RAM có cần cài lại Windows không?": {
      "content": [
        "Không cần, chỉ cần lắp RAM là dùng được."
      ],
      "img": "",
      "video": "",
      "type": "normal"
    },
    "Máy tính tiếng quạt lớn có phải máy bị hỏng?": {
      "content": [
        "Không hẳn, có thể do nhiệt cao, bụi hoặc quạt kém."
      ],
      "img": "",
      "video": "",
      "type": "normal"
    },
    "Dùng hai RAM khác hãng có sao không?": {
      "content": [
        "Dùng được nhưng không tối ưu hiệu năng hoặc độ ổn định."
      ],
      "img": "",
      "video": "",
      "type": "normal"
    },
    "Mainboard có ảnh hưởng FPS khi chơi game không?": {
      "content": [
        "Có thể giới hạn RAM, CPU hoặc khả năng cấp điện, gián tiếp giảm FPS."
      ],
      "img": "",
      "video": "",
      "type": "normal"
    },
    "Tại sao GPU cần nhiều VRAM?": {
      "content": [
        "Để lưu texture và dữ liệu đồ họa khi chơi game hoặc dựng hình."
      ],
      "img": "",
      "video": "",
      "type": "normal"
    },
    "Ổ cứng bị bad sector là gì?": {
      "content": [
        "Là vùng nhớ bị lỗi, thường là dấu hiệu HDD sắp hỏng."
      ],
      "img": "",
      "video": "",
      "type": "normal"
    },
    "Màn hình 144Hz cần GPU mạnh không?": {
      "content": [
        "Có, GPU cần đủ mạnh để tạo ra FPS tương ứng với 144Hz."
      ],
      "img": "",
      "video": "",
      "type": "normal"
    },
    "Laptop đổi ổ cứng NVMe có nhanh hơn nhiều không?": {
      "content": [
        "Có, nhanh hơn nhiều so với SATA SSD."
      ],
      "img": "",
      "video": "",
      "type": "normal"
    },
    "Có nên dùng tản nhiệt rời cho CPU?": {
      "content": [
        "Có, đặc biệt với máy chơi game hoặc CPU nóng."
      ],
      "img": "",
      "video": "",
      "type": "normal"
    },
    "Dấu hiệu hư nguồn gồm những gì?": {
      "content": [
        "Tự tắt, không lên nguồn, mùi khét hoặc chập chờn."
      ],
      "img": "",
      "video": "",
      "type": "normal"
    },
    "Dùng PC không có card rời được không?": {
      "content": [
        "Được nếu CPU có GPU tích hợp và chỉ dùng tác vụ nhẹ."
      ],
      "img": "",
      "video": "",
      "type": "normal"
    },
    "BIOS để làm gì?": {
      "content": [
        "Quản lý phần cứng trước khi vào hệ điều hành và cho phép chỉnh cấu hình."
      ],
      "img": "",
      "video": "",
      "type": "normal"
    },
    "Update driver GPU có quan trọng không?": {
      "content": [
        "Có, cải thiện hiệu năng, sửa lỗi và tối ưu game."
      ],
      "img": "",
      "video": "",
      "type": "normal"
    },
    "Tại sao máy bị giật khi xuất video?": {
      "content": [
        "Do CPU yếu hoặc thiếu VRAM khi xử lý video."
      ],
      "img": "",
      "video": "",
      "type": "normal"
    },
    "VRAM có phải RAM của máy không?": {
      "content": [
        "Không, VRAM là bộ nhớ riêng của GPU."
      ],
      "img": "",
      "video": "",
      "type": "normal"
    },
    "PSU noname có nguy hiểm không?": {
      "content": [
        "Rất nguy hiểm, dễ gây cháy nổ và hỏng toàn bộ máy."
      ],
      "img": "",
      "video": "",
      "type": "normal"
    },
    "Xung RAM cao có tăng FPS không?": {
      "content": [
        "Có, đặc biệt trên CPU Ryzen."
      ],
      "img": "",
      "video": "",
      "type": "normal"
    },
    "Cách kiểm tra chuẩn RAM đang dùng?": {
      "content": [
        "Dùng CPU‑Z hoặc xem trong Task Manager → Performance → Memory."
      ],
      "img": "",
      "video": "",
      "type": "normal"
    },
    "Dùng quá nhiều quạt có tốt không?": {
      "content": [
        "Không, cần bố trí đúng chiều gió thay vì lắp quá nhiều."
      ],
      "img": "",
      "video": "",
      "type": "normal"
    },
    "Máy treo khi chơi game nặng là do đâu?": {
      "content": [
        "Do GPU quá nóng, driver lỗi hoặc thiếu điện từ PSU."
      ],
      "img": "",
      "video": "",
      "type": "normal"
    },
    "SSD có bền hơn HDD không?": {
      "content": [
        "Có, do không có bộ phận cơ học bên trong."
      ],
      "img": "",
      "video": "",
      "type": "normal"
    },
    "Case hở có làm mát tốt hơn không?": {
      "content": [
        "Không, luồng gió bị rối và bụi vào nhiều."
      ],
      "img": "",
      "video": "",
      "type": "normal"
    },
    "Có nên dùng ổ cứng di động chơi game?": {
      "content": [
        "Không khuyến khích vì tốc độ chậm và dễ lag."
      ],
      "img": "",
      "video": "",
      "type": "normal"
    },
    "Thunderbolt khác USB-C thế nào?": {
      "content": [
        "Thunderbolt nhanh hơn, hỗ trợ xuất hình và eGPU."
      ],
      "img": "",
      "video": "",
      "type": "normal"
    },
    "Máy rung nhẹ khi chạy là do đâu?": {
      "content": [
        "Do quạt mất cân bằng hoặc HDD đang quay."
      ],
      "img": "",
      "video": "",
      "type": "normal"
    },
    "Hệ điều hành nặng hơn khi nâng cấp phần cứng không?": {
      "content": [
        "Không, phần cứng mạnh giúp HĐH chạy nhanh hơn."
      ],
      "img": "",
      "video": "",
      "type": "normal"
    },
    "Lắp sai cáp nguồn GPU sẽ thế nào?": {
      "content": [
        "Máy không lên hình hoặc có thể gây chập cháy."
      ],
      "img": "",
      "video": "",
      "type": "normal"
    },
    "Cắm nhầm RAM DDR4 vào khe DDR3 có được không?": {
      "content": [
        "Không thể, khe cắm khác chuẩn."
      ],
      "img": "",
      "video": "",
      "type": "normal"
    },
    "Nhiệt độ lý tưởng của SSD?": {
      "content": [
        "Khoảng 40–60°C, trên 70°C dễ giảm hiệu năng."
      ],
      "img": "",
      "video": "",
      "type": "normal"
    },
    "Màn hình độ phân giải cao có cần GPU mạnh hơn không?": {
      "content": [
        "Có, càng nhiều pixel càng cần GPU mạnh để xử lý."
      ],
      "img": "",
      "video": "",
      "type": "normal"
    },
    "Dây HDMI cũ có giảm chất lượng hình ảnh không?": {
      "content": [
        "Có thể, dây không đủ băng thông cho 4K hoặc 144Hz."
      ],
      "img": "",
      "video": "",
      "type": "normal"
    },
    "Có nên dùng card đồ họa cũ?": {
      "content": [
        "Được nhưng cần kiểm tra nhiệt độ và độ ổn định."
      ],
      "img": "",
      "video": "",
      "type": "normal"
    },
    "PSU 80 Plus Platinum có tốt không?": {
      "content": [
        "Có, hiệu suất cao, mát và bền hơn các chuẩn thấp."
      ],
      "img": "",
      "video": "",
      "type": "normal"
    },
    "Cách đặt mật khẩu cho máy tính?": {
      "content": [
        "Windows:\r\nSettings → Accounts → Sign-in options → Password / PIN"
      ],
      "img": "",
      "video": "",
      "type": "normal"
    },
    "Làm sao bật chế độ Dark Mode?": {
      "content": [
        "Settings → Personalization → Colors → Choose your color → Dark"
      ],
      "img": "",
      "video": "",
      "type": "normal"
    },
    "Làm sao reset máy tính về trạng thái ban đầu?": {
      "content": [
        "Settings → Update & Security → Recovery → Reset this PC"
      ],
      "img": "",
      "video": "",
      "type": "normal"
    }
  }
}